{"cameraMode":{"drawMode":0,"name":"Shaded","section":"Shading Mode"},"sceneLighting":true,"audioPlay":false,"sceneViewState":{"showFog":false,"showMaterialUpdate":false,"showSkybox":true,"showFlares":false,"showImageEffects":true,"showParticleSystems":true},"in2DMode":false,"pivot":{"x":16.128576278686525,"y":-3.2666549682617189,"z":4.208191871643066},"rotation":{"x":-0.5306925773620606,"y":-0.02999240905046463,"z":0.018795816227793695,"w":-0.8468258380889893},"size":22.892230987548829,"orthographic":false}